# ===========================================================================
# Change activity:
#
# Reason   Date   Origin    Description
# ------   ----   ------    ----------------------------------------------- 
# 140314.1   20080918 srini   Fix timezone ordering
# 192944.70  20120914 msingha5 Timezone entry America/Moncton missing in tzmappings 
#
# ===========================================================================
#

# @(#)tzmappings	1.5 01/03/18
# This table describes mappings between Solaris time zone IDs and Java time zone
# IDs. Fields are separated by a single TAB ('\t'). Lines must be in the ascending
# order in ASCII. (non-ASCII characters can't be used.)
#                            NOTE
# This table format is not a public interface of any Java
# platforms. No applications should depend on this file in any form.
# This file has been generated using programs. Do not edit this file manually.
#
# Solaris		Java

# ibm@144143.1 - AIX: ACST-9:30ACDT	South Australia CUT +9:30
ACST-9:30ACDT	Australia/Adelaide
# ibm.61624 ibm@65988.1 - AIX: AST4ADT  Central Brazil  CUT -4  
AST4	America/Curacao
AST4ADT	America/Halifax
# ibm.61624 ibm@65988.1 - AIX: AST9ADT  Alaska  CUT -9  
AST9	Pacific/Gambier
AST9ADT	America/Anchorage
# ibm.61624 ibm@65988.1 - AIX: AZOREST1AZOREDT  Azores, Cape Verde  CUT -1  
AZOREST1	Atlantic/Cape_Verde
AZOREST1AZOREDT	Atlantic/Azores
Africa/Abidjan	Africa/Abidjan
Africa/Accra	Africa/Accra
Africa/Addis_Ababa	Africa/Addis_Ababa
Africa/Algiers	Africa/Algiers
Africa/Asmera	Africa/Asmera
Africa/Bamako	GMT
Africa/Bangui	Africa/Bangui
Africa/Banjul	Africa/Banjul
Africa/Bissau	Africa/Bissau
Africa/Blantyre	Africa/Blantyre
Africa/Brazzaville	Africa/Luanda
Africa/Bujumbura	Africa/Bujumbura
Africa/Cairo	Africa/Cairo
Africa/Casablanca	Africa/Casablanca
Africa/Ceuta	Europe/Paris
Africa/Conakry	Africa/Conakry
Africa/Dakar	Africa/Dakar
Africa/Dar_es_Salaam	Africa/Dar_es_Salaam
Africa/Djibouti	Africa/Djibouti
Africa/Douala	Africa/Douala
Africa/El_Aaiun	Africa/Casablanca
Africa/Freetown	Africa/Freetown
Africa/Gaborone	Africa/Gaborone
Africa/Harare	Africa/Harare
Africa/Johannesburg	Africa/Johannesburg
Africa/Kampala	Africa/Kampala
Africa/Khartoum	Africa/Khartoum
Africa/Kigali	Africa/Kigali
Africa/Kinshasa	Africa/Kinshasa
Africa/Lagos	Africa/Lagos
Africa/Libreville	Africa/Libreville
Africa/Lome	Africa/Lome
Africa/Luanda	Africa/Luanda
Africa/Lubumbashi	Africa/Lubumbashi
Africa/Lusaka	Africa/Lusaka
Africa/Malabo	Africa/Malabo
Africa/Maputo	Africa/Maputo
Africa/Maseru	Africa/Maseru
Africa/Mbabane	Africa/Mbabane
Africa/Mogadishu	Africa/Mogadishu
Africa/Monrovia	Africa/Monrovia
Africa/Nairobi	Africa/Nairobi
Africa/Ndjamena	Africa/Ndjamena
Africa/Niamey	Africa/Niamey
Africa/Nouakchott	Africa/Nouakchott
Africa/Ouagadougou	Africa/Ouagadougou
Africa/Porto-Novo	Africa/Porto-Novo
Africa/Sao_Tome	Africa/Sao_Tome
Africa/Timbuktu	Africa/Timbuktu
Africa/Tripoli	Africa/Tripoli
Africa/Tunis	Africa/Tunis
Africa/Windhoek	Africa/Windhoek
America/Adak	America/Adak
America/Anchorage	America/Anchorage
America/Anguilla	America/Anguilla
America/Antigua	America/Antigua
America/Araguaina	America/Sao_Paulo
# ibm@143664 start
America/Argentina/Buenos_Aires	America/Argentina/Buenos_Aires
America/Argentina/Catamarca	America/Argentina/Catamarca
# ibm@143664 end
# ibm@140314.1
America/Argentina/ComodRivadavia	America/Argentina/Catamarca
# ibm@143664 start
America/Argentina/Cordoba	America/Argentina/Cordoba
America/Argentina/Jujuy	America/Argentina/Jujuy
America/Argentina/La_Rioja	America/Argentina/La_Rioja
America/Argentina/Mendoza	America/Argentina/Mendoza
America/Argentina/Rio_Gallegos	America/Argentina/Rio_Gallegos
America/Argentina/Salta	America/Argentina/Salta
America/Argentina/San_Juan	America/Argentina/San_Juan
America/Argentina/San_Luis	America/Argentina/San_Luis
America/Argentina/Tucuman	America/Argentina/Tucuman
America/Argentina/Ushuaia	America/Argentina/Ushuaia
# ibm@143664 end
America/Aruba	America/Aruba
America/Asuncion	America/Asuncion
America/Atka	America/Adak
America/Barbados	America/Barbados
America/Belize	America/Belize
America/Bogota	America/Bogota
America/Boise	America/Denver
# ibm@140314.1
America/Buenos_Aires	America/Argentina/Buenos_Aires
America/Cancun	America/Cancun
America/Caracas	America/Caracas
# ibm@140314.1
America/Catamarca	America/Argentina/Catamarca
America/Cayenne	America/Cayenne
America/Cayman	America/Cayman
America/Chicago	America/Chicago
America/Chihuahua	America/Denver
# ibm@140314.1
America/Coral_Harbour	America/Atikokan
# ibm@140314.1
America/Cordoba	America/Argentina/Cordoba
America/Costa_Rica	America/Costa_Rica
America/Cuiaba	America/Cuiaba
America/Curacao	America/Curacao
America/Dawson	America/Los_Angeles
America/Dawson_Creek	America/Dawson_Creek
America/Denver	America/Denver
America/Detroit	America/New_York
America/Dominica	America/Dominica
America/Edmonton	America/Edmonton
America/El_Salvador	America/El_Salvador
America/Ensenada	America/Los_Angeles
# ibm@140314.1
America/Fort_Wayne	America/Indiana/Indianapolis
America/Fortaleza	America/Fortaleza
America/Glace_Bay	America/Halifax
America/Godthab	America/Godthab
America/Goose_Bay	America/Thule
America/Grand_Turk	America/Grand_Turk
America/Grenada	America/Grenada
America/Guadeloupe	America/Guadeloupe
America/Guatemala	America/Guatemala
America/Guayaquil	America/Guayaquil
America/Guyana	America/Guyana
America/Halifax	America/Halifax
America/Havana	America/Havana
America/Indiana/Indianapolis	America/Indianapolis
# ibm@140314.1
America/Indianapolis	America/Indiana/Indianapolis
America/Inuvik	America/Denver
America/Iqaluit	America/New_York
America/Jamaica	America/Jamaica
# ibm@140314.1
America/Jujuy	America/Argentina/Jujuy
America/Juneau	America/Anchorage
America/Kentucky/Louisville	America/Kentucky/Louisville
America/Kentucky/Monticello	America/Kentucky/Monticello
# ibm@140314.1
America/Knox_IN	America/Indiana/Knox
America/La_Paz	America/La_Paz
America/Lima	America/Lima
America/Los_Angeles	America/Los_Angeles
# ibm@140314.1
America/Louisville	America/Kentucky/Louisville
America/Managua	America/Managua
America/Manaus	America/Manaus
#ibm@137860
America/Marigot	America/Guadeloupe
America/Martinique	America/Martinique
America/Mazatlan	America/Mazatlan
# ibm@140314.1
America/Mendoza	America/Argentina/Mendoza
America/Menominee	America/Winnipeg
America/Mexico_City	America/Mexico_City
America/Miquelon	America/Miquelon
# ibm@192944.70
America/Moncton	America/Moncton
America/Montevideo	America/Montevideo
America/Montreal	America/Montreal
America/Montserrat	America/Montserrat
America/Nassau	America/Nassau
America/New_York	America/New_York
America/Nipigon	America/New_York
America/Nome	America/Anchorage
America/Noronha	America/Noronha
America/Panama	America/Panama
America/Pangnirtung	America/Thule
America/Paramaribo	America/Paramaribo
America/Phoenix	America/Phoenix
America/Port-au-Prince	America/Port-au-Prince
America/Port_of_Spain	America/Port_of_Spain
# ibm@140314.1
America/Porto_Acre	America/Rio_Branco
America/Puerto_Rico	America/Puerto_Rico
America/Rainy_River	America/Chicago
America/Rankin_Inlet	America/Chicago
America/Regina	America/Regina
America/Rio_Branco	America/Rio_Branco
# ibm@140314.1
America/Rosario	America/Argentina/Cordoba
America/Santiago	America/Santiago
America/Santo_Domingo	America/Santo_Domingo
America/Sao_Paulo	America/Sao_Paulo
America/Scoresbysund	America/Scoresbysund
America/Shiprock	America/Denver
#ibm@137860
America/St_Barthelemy	America/Guadeloupe
America/St_Johns	America/St_Johns
America/St_Kitts	America/St_Kitts
America/St_Lucia	America/St_Lucia
America/St_Thomas	America/St_Thomas
America/St_Vincent	America/St_Vincent
America/Tegucigalpa	America/Tegucigalpa
America/Thule	America/Thule
America/Thunder_Bay	America/New_York
America/Tijuana	America/Tijuana
# ibm@134140
America/Toronto	America/Toronto
America/Tortola	America/Tortola
America/Vancouver	America/Vancouver
America/Virgin	America/St_Thomas
America/Whitehorse	America/Los_Angeles
America/Winnipeg	America/Winnipeg
America/Yakutat	America/Anchorage
America/Yellowknife	America/Denver
Antarctica/Casey	Antarctica/Casey
Antarctica/DumontDUrville	Antarctica/DumontDUrville
Antarctica/Mawson	Antarctica/Mawson
Antarctica/McMurdo	Antarctica/McMurdo
Antarctica/Palmer	Antarctica/Palmer
Antarctica/South_Pole	Antarctica/McMurdo
Arctic/Longyearbyen	Europe/Oslo
Asia/Aden	Asia/Aden
Asia/Almaty	Asia/Almaty
Asia/Amman	Asia/Amman
Asia/Anadyr	Asia/Anadyr
Asia/Aqtau	Asia/Aqtau
Asia/Aqtobe	Asia/Aqtobe
Asia/Ashkhabad	Asia/Ashkhabad
Asia/Baghdad	Asia/Baghdad
Asia/Bahrain	Asia/Bahrain
Asia/Baku	Asia/Baku
Asia/Bangkok	Asia/Bangkok
Asia/Beirut	Asia/Beirut
Asia/Bishkek	Asia/Bishkek
Asia/Brunei	Asia/Brunei
Asia/Calcutta	Asia/Calcutta
Asia/Chungking	Asia/Shanghai
Asia/Colombo	Asia/Colombo
Asia/Dacca	Asia/Dacca
Asia/Damascus	Asia/Damascus
Asia/Dhaka	Asia/Dhaka
Asia/Dubai	Asia/Dubai
Asia/Dushanbe	Asia/Dushanbe
Asia/Gaza	Asia/Amman
Asia/Harbin	Asia/Shanghai
Asia/Hong_Kong	Asia/Hong_Kong
Asia/Irkutsk	Asia/Irkutsk
Asia/Istanbul	Europe/Istanbul
Asia/Jakarta	Asia/Jakarta
Asia/Jayapura	Asia/Jayapura
Asia/Jerusalem	Asia/Jerusalem
Asia/Kabul	Asia/Kabul
Asia/Kamchatka	Asia/Kamchatka
Asia/Karachi	Asia/Karachi
Asia/Kashgar	Asia/Shanghai
Asia/Katmandu	Asia/Katmandu
Asia/Kolkata	Asia/Kolkata
Asia/Krasnoyarsk	Asia/Krasnoyarsk
Asia/Kuala_Lumpur	Asia/Kuala_Lumpur
Asia/Kuwait	Asia/Kuwait
Asia/Macao	Asia/Macao
Asia/Magadan	Asia/Magadan
Asia/Manila	Asia/Manila
Asia/Muscat	Asia/Muscat
Asia/Nicosia	Asia/Nicosia
Asia/Novosibirsk	Asia/Novosibirsk
Asia/Omsk	Asia/Novosibirsk
Asia/Phnom_Penh	Asia/Phnom_Penh
Asia/Pyongyang	Asia/Pyongyang
Asia/Qatar	Asia/Qatar
Asia/Rangoon	Asia/Rangoon
Asia/Riyadh	Asia/Riyadh
# ibm@140314.1
Asia/Saigon	Asia/Ho_Chi_Minh
Asia/Seoul	Asia/Seoul
Asia/Shanghai	Asia/Shanghai
Asia/Singapore	Asia/Singapore
Asia/Taipei	Asia/Taipei
Asia/Tashkent	Asia/Tashkent
Asia/Tbilisi	Asia/Tbilisi
Asia/Tehran	Asia/Tehran
Asia/Tel_Aviv	Asia/Jerusalem
Asia/Thimbu	Asia/Thimbu
Asia/Tokyo	Asia/Tokyo
Asia/Ujung_Pandang	Asia/Ujung_Pandang
# ibm@140314.1
Asia/Ulan_Bator	Asia/Ulaanbaatar
Asia/Urumqi	Asia/Shanghai
Asia/Vientiane	Asia/Vientiane
Asia/Vladivostok	Asia/Vladivostok
Asia/Yakutsk	Asia/Yakutsk
Asia/Yekaterinburg	Asia/Yekaterinburg
Asia/Yerevan	Asia/Yerevan
Atlantic/Azores	Atlantic/Azores
Atlantic/Bermuda	Atlantic/Bermuda
Atlantic/Canary	Atlantic/Canary
Atlantic/Cape_Verde	Atlantic/Cape_Verde
Atlantic/Faeroe	Atlantic/Faeroe
Atlantic/Jan_Mayen	Atlantic/Jan_Mayen
Atlantic/Madeira	Europe/London
Atlantic/Reykjavik	Atlantic/Reykjavik
Atlantic/South_Georgia	Atlantic/South_Georgia
Atlantic/St_Helena	Atlantic/St_Helena
Atlantic/Stanley	Atlantic/Stanley
Australia/ACT	Australia/Sydney
Australia/Adelaide	Australia/Adelaide
Australia/Brisbane	Australia/Brisbane
Australia/Broken_Hill	Australia/Broken_Hill
Australia/Canberra	Australia/Sydney
Australia/Darwin	Australia/Darwin
Australia/Hobart	Australia/Hobart
Australia/LHI	Australia/Lord_Howe
Australia/Lord_Howe	Australia/Lord_Howe
Australia/Melbourne	Australia/Sydney
Australia/NSW	Australia/Sydney
Australia/North	Australia/Darwin
Australia/Perth	Australia/Perth
Australia/Queensland	Australia/Brisbane
Australia/South	Australia/Adelaide
Australia/Sydney	Australia/Sydney
Australia/Tasmania	Australia/Hobart
# ibm@140314.1
Australia/Victoria	Australia/Melbourne
Australia/West	Australia/Perth
Australia/Yancowinna	Australia/Broken_Hill
# ibm@116426
BRT3BRST	America/Sao_Paulo
# ibm.61624 - AIX: BST11BDT  Bering Strait  CUT -11  
BST11	Pacific/Apia
BST11BDT	Pacific/Apia
Brazil/Acre	America/Rio_Branco
Brazil/DeNoronha	America/Noronha
Brazil/East	America/Sao_Paulo
Brazil/West	America/Manaus
CET	Europe/Paris
#ibm@118945.1
CET-1CEST	Europe/Paris
# ibm@134087
CET-1CEST-2	Europe/Berlin
#ibm@76287
CET-1CET-2	Europe/Paris
# ibm.61624 ibm@65988.1 - AIX: CST6CDT  Central United States, Honduras  CUT -6  
CST6	America/Costa_Rica
CST6CDT	America/Chicago
# ibm.61624 ibm@65988.1 - AIX: CUT0GDT  Coordinated Universal Time  CUT  
CUT0	UTC
CUT0GDT	Europe/London
Canada/Atlantic	America/Halifax
Canada/Central	America/Winnipeg
Canada/East-Saskatchewan	America/Regina
Canada/Eastern	America/Montreal
Canada/Mountain	America/Edmonton
Canada/Newfoundland	America/St_Johns
Canada/Pacific	America/Vancouver
Canada/Saskatchewan	America/Regina
# ibm@140314.1
Canada/Yukon	America/Whitehorse
Chile/Continental	America/Santiago
Chile/EasterIsland	Pacific/Easter
Cuba	America/Havana
EET	Europe/Istanbul
# ibm.61624 ibm@65988.1 - AIX: EET-10EETDT  Eastern Australia  CUT +10  
EET-10	Australia/Brisbane
EET-10EETDT	Australia/Sydney
EST	America/Indianapolis
# ibm.61624 ibm@65988.1 - AIX: EST5EDT  Eastern United States, Colombia  CUT -5  
EST5	America/Indianapolis
EST5EDT	America/New_York
Egypt	Africa/Cairo
Eire	Europe/Dublin
Etc/GMT	GMT
Etc/GMT0	GMT
Etc/GMT+0	GMT
Etc/GMT-0	GMT
Etc/Greenwich	GMT
Etc/UCT	UTC
Etc/UTC	UTC
Etc/Universal	UTC
Etc/Zulu	UTC
Europe/Amsterdam	Europe/Amsterdam
Europe/Andorra	Europe/Andorra
Europe/Athens	Europe/Athens
Europe/Belfast	Europe/London
Europe/Belgrade	Europe/Belgrade
Europe/Berlin	Europe/Berlin
Europe/Bratislava	Europe/Prague
Europe/Brussels	Europe/Brussels
Europe/Bucharest	Europe/Bucharest
Europe/Budapest	Europe/Budapest
Europe/Chisinau	Europe/Chisinau
Europe/Copenhagen	Europe/Copenhagen
Europe/Dublin	Europe/Dublin
Europe/Gibraltar	Europe/Gibraltar
# ibm@137860
Europe/Guernsey	Europe/London
# ibm@137860
Europe/Helsinki	Europe/Helsinki
# ibm@137860
Europe/Isle_of_Man	Europe/London
Europe/Istanbul	Europe/Istanbul
# ibm@137860
Europe/Jersey	Europe/London
Europe/Kaliningrad	Europe/Kaliningrad
Europe/Kiev	Europe/Kiev
Europe/Lisbon	Europe/Lisbon
Europe/Ljubljana	Europe/Belgrade
Europe/London	Europe/London
Europe/Luxembourg	Europe/Luxembourg
Europe/Madrid	Europe/Madrid
Europe/Malta	Europe/Malta
# ibm@137860
Europe/Mariehamn	Europe/Helsinki
Europe/Minsk	Europe/Minsk
Europe/Monaco	Europe/Monaco
Europe/Moscow	Europe/Moscow
# ibm@140314.1
Europe/Nicosia	Asia/Nicosia
Europe/Oslo	Europe/Oslo
Europe/Paris	Europe/Paris
Europe/Podgorica	Europe/Belgrade
Europe/Prague	Europe/Prague
Europe/Riga	Europe/Riga
Europe/Rome	Europe/Rome
Europe/Samara	Europe/Samara
Europe/San_Marino	Europe/Rome
Europe/Sarajevo	Europe/Belgrade
Europe/Simferopol	Europe/Simferopol
Europe/Skopje	Europe/Belgrade
Europe/Sofia	Europe/Sofia
Europe/Stockholm	Europe/Stockholm
Europe/Tallinn	Europe/Tallinn
Europe/Tirane	Europe/Tirane
Europe/Vaduz	Europe/Vaduz
Europe/Vatican	Europe/Rome
Europe/Vienna	Europe/Vienna
Europe/Vilnius	Europe/Vilnius
Europe/Warsaw	Europe/Warsaw
Europe/Zagreb	Europe/Belgrade
Europe/Zurich	Europe/Zurich
# ibm.61624 ibm@65988.1 - AIX: FALKST2FALKDT  Falkland Islands  CUT -2  
FALKST2	Atlantic/South_Georgia
FALKST2FALKDT	Atlantic/South_Georgia
Factory	GMT
GB	Europe/London
GB-Eire	Europe/London
GMT	GMT
GMT0	GMT
GMT+0	GMT
GMT-0	GMT
# ibm.61624 - AIX: GMT0BST  United Kingdom  CUT  
GMT0BST	Europe/London
# ibm@194271.70
GMT0BST-1	Europe/London
# ibm@165807
GMT0WET	Europe/Lisbon
# ibm.61624 ibm@65988.1 - AIX: GRNLNDST3GRNLNDDT  Greenland, East Brazil  CUT -3  
GRNLNDST3	America/Buenos_Aires
# ibm@124337.1
GRNLNDST3GRNLNDDT	America/Godthab
Greenwich	GMT
HST	Pacific/Honolulu
# ibm.61624 ibm@65988.1 - AIX: HST10HDT  Hawaii, Aleutian Islands  CUT -10  
HST10	Pacific/Honolulu
HST10HDT	America/Adak
Hongkong	Asia/Hong_Kong
# ibm@134087
Iceland	Atlantic/Reykjavik
Indian/Antananarivo	Indian/Antananarivo
Indian/Chagos	Indian/Chagos
Indian/Christmas	Indian/Christmas
Indian/Cocos	Indian/Cocos
Indian/Comoro	Indian/Comoro
Indian/Kerguelen	Indian/Kerguelen
Indian/Mahe	Indian/Mahe
Indian/Maldives	Indian/Maldives
Indian/Mauritius	Indian/Mauritius
Indian/Mayotte	Indian/Mayotte
Indian/Reunion	Indian/Reunion
Iran	Asia/Tehran
Israel	Asia/Jerusalem
# ibm.61624 ibm@65988.1 - AIX: JST-9JSTDT  Japan  CUT +9  
JST-9	Asia/Tokyo
JST-9JSTDT	Asia/Tokyo
Jamaica	America/Jamaica
Japan	Asia/Tokyo
# ibm.61624 ibm@65988.1 - AIX: KORST-9KORDT  Korea  CUT +9  
KORST-9	Asia/Seoul
KORST-9KORDT	Asia/Seoul
# ibm@140314.1
Kwajalein	Pacific/Kwajalein
Libya	Africa/Tripoli
# ibm@103287 AIX: MEST-2 Istanbul CUT +2 
MEST-2	Europe/Istanbul
MEST-2MEDT	Europe/Istanbul
# ibm.61624 ibm@65988.1 - AIX: MEST-3MEDT  Turkey  CUT +3  
MEST-3	Asia/Riyadh
MEST-3MEDT	Europe/Moscow
MET	Europe/Paris
# ibm.61624 ibm@65988.1 - AIX: MET-11METDT  Solomon Islands  CUT +11  
MET-11	Pacific/Guadalcanal
MET-11METDT	Asia/Magadan
# ibm@78011
MET-1MEST	Europe/Paris
# ibm@167857.1
MET-1MST-2	Europe/Berlin
# ibm@150936.1
MEZ-1MESZ	Europe/Berlin
# ibm@73426
MEZ-1MESZ-2	Europe/Berlin
MSK-3MSD	Europe/Moscow
MST	America/Phoenix
# ibm@133778
# ibm.61624 ibm@65988.1 - AIX: MST7MDT  Mountain United States  CUT -7  
MST7	America/Phoenix
MST7MDT	America/Denver
Mexico/BajaNorte	America/Tijuana
Mexico/BajaSur	America/Mazatlan
Mexico/General	America/Mexico_City
# ibm@137860
Mideast/Riyadh87	Asia/Riyadh87
Mideast/Riyadh88	Asia/Riyadh88
Mideast/Riyadh89	Asia/Riyadh89
# ibm.61624 ibm@65988.1 - AIX: NFT-1DFT  Norway  CUT +1  
NFT-1	Africa/Algiers
NFT-1DFT	Europe/Paris
# ibm@77536
NFT-1DST	Europe/Paris
NZ	Pacific/Auckland
NZ-CHAT	Pacific/Chatham
# ibm.61624 ibm@65988.1 - AIX: NZST-12NZDT  New Zealand  CUT +12  
NZST-12	Pacific/Fiji
NZST-12NZDT	Pacific/Auckland
Navajo	America/Denver
# ibm.61624 ibm@65988.1 - AIX: PAKST-5PAKDT  Pakistan  CUT +5  
PAKST-5	Asia/Karachi
PAKST-5PAKDT	Asia/Yekaterinburg
PRC	Asia/Shanghai
# ibm.61624 ibm@65988.1 - AIX: PST8PDT  Pacific United States, Yukon  CUT -8  
PST8	Pacific/Pitcairn
PST8PDT	America/Los_Angeles
# ibm@146031.1 - Missing Entries for Tijuana
PST8PDT7	America/Tijuana
Pacific/Apia	Pacific/Apia
Pacific/Auckland	Pacific/Auckland
Pacific/Chatham	Pacific/Chatham
Pacific/Easter	Pacific/Easter
Pacific/Efate	Pacific/Efate
Pacific/Enderbury	Pacific/Enderbury
Pacific/Fakaofo	Pacific/Fakaofo
Pacific/Fiji	Pacific/Fiji
Pacific/Funafuti	Pacific/Funafuti
Pacific/Galapagos	Pacific/Galapagos
Pacific/Gambier	Pacific/Gambier
Pacific/Guadalcanal	Pacific/Guadalcanal
Pacific/Guam	Pacific/Guam
Pacific/Honolulu	Pacific/Honolulu
Pacific/Kiritimati	Pacific/Kiritimati
Pacific/Kosrae	Pacific/Kosrae
Pacific/Majuro	Pacific/Majuro
Pacific/Marquesas	Pacific/Marquesas
Pacific/Nauru	Pacific/Nauru
Pacific/Niue	Pacific/Niue
Pacific/Norfolk	Pacific/Norfolk
Pacific/Noumea	Pacific/Noumea
Pacific/Pago_Pago	Pacific/Pago_Pago
Pacific/Palau	Pacific/Palau
Pacific/Pitcairn	Pacific/Pitcairn
Pacific/Ponape	Pacific/Ponape
Pacific/Port_Moresby	Pacific/Port_Moresby
Pacific/Rarotonga	Pacific/Rarotonga
Pacific/Saipan	Pacific/Saipan
Pacific/Samoa	Pacific/Pago_Pago
Pacific/Tahiti	Pacific/Tahiti
Pacific/Tarawa	Pacific/Tarawa
Pacific/Tongatapu	Pacific/Tongatapu
Pacific/Truk	Pacific/Truk
Pacific/Wake	Pacific/Wake
Pacific/Wallis	Pacific/Wallis
Poland	Europe/Warsaw
Portugal	Europe/Lisbon
posix/GMT	GMT
posix/GMT0	GMT
posix/GMT+0	GMT
posix/GMT-0	GMT
ROC	Asia/Taipei
ROK	Asia/Seoul
# ibm.61624 ibm@65988.1 - AIX: SAUST-3SAUDT  Saudi Arabia  CUT +3  
SAUST-3	Asia/Riyadh
SAUST-3SAUDT	Europe/Moscow
Singapore	Asia/Singapore
SystemV/AST4ADT	America/Thule
SystemV/CST6CDT	America/Chicago
SystemV/EST5EDT	America/New_York
SystemV/MST7MDT	America/Denver
SystemV/PST8PDT	America/Los_Angeles
SystemV/YST9YDT	America/Anchorage
# ibm.61624 ibm@65988.1 - AIX: TAIST-8TAIDT  Taiwan  CUT +8  
TAIST-8	Asia/Taipei
TAIST-8TAIDT	Asia/Irkutsk
# ibm.61624 ibm@65988.1 - AIX: TASHST-6TASHDT  Central Asia  CUT +6  
TASHST-6	Asia/Dacca
TASHST-6TASHDT	Asia/Novosibirsk
# ibm.61624 ibm@65988.1 - AIX: THAIST-7THAIDT  Thailand  CUT +7  
THAIST-7	Asia/Bangkok
THAIST-7THAIDT	Asia/Krasnoyarsk
Turkey	Europe/Istanbul
UCT	UTC
US/Alaska	America/Anchorage
US/Aleutian	America/Adak
US/Arizona	America/Phoenix
US/Central	America/Chicago
# ibm@140314.1
US/East-Indiana	America/Indiana/Indianapolis
US/Eastern	America/New_York
US/Hawaii	Pacific/Honolulu
# ibm@140314.1
US/Indiana-Starke	America/Indiana/Knox
US/Michigan	America/New_York
US/Mountain	America/Denver
US/Pacific	America/Los_Angeles
US/Pacific-New	America/Los_Angeles
US/Samoa	Pacific/Pago_Pago
# ibm.61624 ibm@65988.1 - AIX: USAST-2USADT  South Africa  CUT +2  
USAST-2	Africa/Johannesburg
USAST-2USADT	Europe/Istanbul
UTC	UTC
# ibm@132142
UYT3UYST	America/Montevideo
Universal	UTC
W-SU	Europe/Moscow
# ibm.61624 - AIX: WAUST-8WAUDT  Western Australia  CUT +8  
WAUST-8	Australia/Perth
WAUST-8WAUDT	Australia/Perth
WET	WET
# ibm.61624 ibm@65988.1 - AIX: WET-2WET  Finland  CUT +2  
WET-2	Africa/Johannesburg
WET-2WET	Europe/Helsinki
# ibm.61624 ibm@65988.1 - AIX: WST-4WDT  Gorki, Central Asia, Oman  CUT +4  
WST-4	Asia/Dubai
WST-4WDT	Europe/Samara
Zulu	UTC
